--USE [master]
--GO
/****** Object:  Database [PhongKham]    Script Date: 29/06/2018 8:53:02 PM ******/
CREATE DATABASE [PhongKham]
USE PhongKham
GO
/****** Object:  Table [dbo].[BACSI]    Script Date: 29/06/2018 8:53:02 PM ******/
CREATE TABLE [dbo].[BACSI](
	[MABS] [int] IDENTITY(1,1) NOT NULL,
	[HOTEN] [nvarchar](50) NULL,
	[NGAYSINH] [date] NULL,
	[SDT] [varchar](20) NULL,
	[DIACHI] [nvarchar](100) NULL,
	[GIOITINH] [nvarchar](5) NULL,
	[HINHANH] [varchar](100) NULL,
	[MOTA] [ntext] NULL,
	[MAKHOA] [int] NOT NULL,
	[GIAKHAM] [decimal](18, 0) NULL,
 CONSTRAINT [PK_BACSI] PRIMARY KEY CLUSTERED 
(
	[MABS] ASC
)WITH (PAD_INDEX = OFF, STATISTICS_NORECOMPUTE = OFF, IGNORE_DUP_KEY = OFF, ALLOW_ROW_LOCKS = ON, ALLOW_PAGE_LOCKS = ON) ON [PRIMARY]
) ON [PRIMARY] TEXTIMAGE_ON [PRIMARY]
GO
/****** Object:  Table [dbo].[GIOKHAM]    Script Date: 29/06/2018 8:53:03 PM ******/
SET ANSI_NULLS ON
GO
SET QUOTED_IDENTIFIER ON
GO
CREATE TABLE [dbo].[GIOKHAM](
	[MABS] [int] NOT NULL,
	[GIOBDS] [time](4) NULL,
	[GIOBDC] [time](4) NULL
) ON [PRIMARY]
GO
/****** Object:  Table [dbo].[KETQUA]    Script Date: 29/06/2018 8:53:03 PM ******/
SET ANSI_NULLS ON
GO
SET QUOTED_IDENTIFIER ON
GO
CREATE TABLE [dbo].[KETQUA](
	[MAPHIEU] [int] NOT NULL,
	[KETQUA] [ntext] NULL,
	[CHUANDOAN] [ntext] NULL,
	[NEN] [ntext] NULL,
	[KHONGNEN] [ntext] NULL,
	[NGAYTAIKHAM] [date] NOT NULL,
	[HINHANH1] [varchar](50) NULL,
	[HINHANH2] [varchar](50) NULL,
 CONSTRAINT [PK_KETQUA_1] PRIMARY KEY CLUSTERED 
(
	[MAPHIEU] ASC
)WITH (PAD_INDEX = OFF, STATISTICS_NORECOMPUTE = OFF, IGNORE_DUP_KEY = OFF, ALLOW_ROW_LOCKS = ON, ALLOW_PAGE_LOCKS = ON) ON [PRIMARY]
) ON [PRIMARY] TEXTIMAGE_ON [PRIMARY]
GO
/****** Object:  Table [dbo].[KHOA]    Script Date: 29/06/2018 8:53:03 PM ******/
SET ANSI_NULLS ON
GO
SET QUOTED_IDENTIFIER ON
GO
CREATE TABLE [dbo].[KHOA](
	[MAKHOA] [int] IDENTITY(1,1) NOT NULL,
	[TENKHOA] [nvarchar](50) NULL,
 CONSTRAINT [PK_KHOA] PRIMARY KEY CLUSTERED 
(
	[MAKHOA] ASC
)WITH (PAD_INDEX = OFF, STATISTICS_NORECOMPUTE = OFF, IGNORE_DUP_KEY = OFF, ALLOW_ROW_LOCKS = ON, ALLOW_PAGE_LOCKS = ON) ON [PRIMARY]
) ON [PRIMARY]
GO
/****** Object:  Table [dbo].[PHIEUHEN]    Script Date: 29/06/2018 8:53:03 PM ******/
SET ANSI_NULLS ON
GO
SET QUOTED_IDENTIFIER ON
GO
CREATE TABLE [dbo].[PHIEUHEN](
	[MAPHIEU] [int] IDENTITY(1,1) NOT NULL,
	[HOTEN] [nvarchar](50) NOT NULL,
	[GIOITINH] [nvarchar](5) NOT NULL,
	[NAMSINH] [date] NOT NULL,
	[DIACHI] [ntext] NOT NULL,
	[SDT] [varchar](20) NOT NULL,
	[NGAYKHAM] [date] NOT NULL,
	[GIOKHAM] [time](4) NOT NULL,
	[MOTA] [ntext] NOT NULL,
	[MABS] [int] NOT NULL,
	[MAXACTHUC] [varchar](6) NOT NULL,
	[TRANGTHAI] [nvarchar](20) NULL,
 CONSTRAINT [PK_PHIEUHEN_1] PRIMARY KEY CLUSTERED 
(
	[MAPHIEU] ASC
)WITH (PAD_INDEX = OFF, STATISTICS_NORECOMPUTE = OFF, IGNORE_DUP_KEY = OFF, ALLOW_ROW_LOCKS = ON, ALLOW_PAGE_LOCKS = ON) ON [PRIMARY]
) ON [PRIMARY] TEXTIMAGE_ON [PRIMARY]
GO
/****** Object:  Table [dbo].[TAIKHOAN]    Script Date: 29/06/2018 8:53:03 PM ******/
SET ANSI_NULLS ON
GO
SET QUOTED_IDENTIFIER ON
GO
CREATE TABLE [dbo].[TAIKHOAN](
	[ID] [nvarchar](50) NOT NULL,
	[PASSWORD] [nvarchar](50) NULL,
	[HOTEN] [nvarchar](50) NULL,
	[EMAIL] [varchar](50) NULL,
 CONSTRAINT [PK_TAIKHOAN] PRIMARY KEY CLUSTERED 
(
	[ID] ASC
)WITH (PAD_INDEX = OFF, STATISTICS_NORECOMPUTE = OFF, IGNORE_DUP_KEY = OFF, ALLOW_ROW_LOCKS = ON, ALLOW_PAGE_LOCKS = ON) ON [PRIMARY]
) ON [PRIMARY]
GO
SET IDENTITY_INSERT [dbo].[BACSI] ON 
GO
INSERT [dbo].[BACSI] ([MABS], [HOTEN], [NGAYSINH], [SDT], [DIACHI], [GIOITINH], [HINHANH], [MOTA], [MAKHOA], [GIAKHAM]) VALUES (1, N'Kiến Đình Khôi', CAST(N'1997-12-19' AS Date), N'01633696484', N'Trà Vinh', N'Nam', N'c4.jpg', N'Tốt nghiệp ĐH Y Dược TP.HCM', 1, CAST(60000 AS Decimal(18, 0)))
GO
INSERT [dbo].[BACSI] ([MABS], [HOTEN], [NGAYSINH], [SDT], [DIACHI], [GIOITINH], [HINHANH], [MOTA], [MAKHOA], [GIAKHAM]) VALUES (2, N'Huỳnh Thị Hồng Dâu', CAST(N'1997-12-19' AS Date), N'01633696484', N'Trà Vinh', N'Nam', N'c4.jpg', N'Tốt nghiệp ĐH Y Dược TP.HCM', 2, CAST(60000 AS Decimal(18, 0)))
GO
INSERT [dbo].[BACSI] ([MABS], [HOTEN], [NGAYSINH], [SDT], [DIACHI], [GIOITINH], [HINHANH], [MOTA], [MAKHOA], [GIAKHAM]) VALUES (3, N'Kiến Đình Khôi', CAST(N'1997-12-19' AS Date), N'01633696484', N'Trà Vinh', N'Nam', NULL, N'Tốt nghiệp ĐH Y Dược TP.HCM', 1, CAST(60000 AS Decimal(18, 0)))
GO
SET IDENTITY_INSERT [dbo].[BACSI] OFF
GO
INSERT [dbo].[GIOKHAM] ([MABS], [GIOBDC]) VALUES (2, CAST(N'13:30:00' AS Time))
GO
INSERT [dbo].[GIOKHAM] ([MABS], [GIOBDC]) VALUES (1, CAST(N'15:30:00' AS Time))
GO
INSERT [dbo].[KETQUA] ([MAPHIEU], [KETQUA], [NEN], [KHONGNEN], [NGAYTAIKHAM], [HINHANH1], [HINHANH2]) VALUES (3, N'Suy dinh dưỡng', N'Ăn uống đầy đủ, ăn nhiều hoa quả', N'Sử dụng chất kích thích như rượu bia', CAST(N'2018-07-04T00:00:00.000' AS DateTime), N'xray.jpg', NULL)
GO
SET IDENTITY_INSERT [dbo].[KHOA] ON 
GO
INSERT [dbo].[KHOA] ([MAKHOA], [TENKHOA]) VALUES (1, N'Tim Mạch')
GO
INSERT [dbo].[KHOA] ([MAKHOA], [TENKHOA]) VALUES (2, N'Răng Hàm Mặt')
GO
INSERT [dbo].[KHOA] ([MAKHOA], [TENKHOA]) VALUES (3, N'Hô Hấp')
GO
SET IDENTITY_INSERT [dbo].[KHOA] OFF
GO
SET IDENTITY_INSERT [dbo].[PHIEUHEN] ON 
GO
INSERT [dbo].[PHIEUHEN] ([MAPHIEU], [HOTEN], [GIOITINH], [NAMSINH], [DIACHI], [SDT], [NGAYKHAM], [GIOKHAM], [MOTA], [MABS], [MAXACTHUC], [TRANGTHAI]) VALUES (1, N'VÕ PHẠM THÀNH LUÂN', N'NAM', CAST(N'1997-12-21T00:00:00.000' AS DateTime), N'BẾN TRE', N'0907814802', CAST(N'2018-05-26T00:00:00.000' AS DateTime), CAST(N'13:30:00' AS Time), N'Khó ngủ', 2, N'AXTXEJ', N'Đã xác thực')
GO
INSERT [dbo].[PHIEUHEN] ([MAPHIEU], [HOTEN], [GIOITINH], [NAMSINH], [DIACHI], [SDT], [NGAYKHAM], [GIOKHAM], [MOTA], [MABS], [MAXACTHUC], [TRANGTHAI]) VALUES (2, N'VÕ PHẠM THÀNH LUÂN', N'NAM', CAST(N'1997-12-12T00:00:00.000' AS DateTime), N'BẾN TRE', N'0907814802', CAST(N'2018-06-02T00:00:00.000' AS DateTime), CAST(N'13:30:00' AS Time), N'1231qưeád', 2, N'TLL11H', N'Đã xác thực')
GO
INSERT [dbo].[PHIEUHEN] ([MAPHIEU], [HOTEN], [GIOITINH], [NAMSINH], [DIACHI], [SDT], [NGAYKHAM], [GIOKHAM], [MOTA], [MABS], [MAXACTHUC], [TRANGTHAI]) VALUES (3, N'KIẾN ĐÌNH KHÔI', N'NAM', CAST(N'1997-12-19T00:00:00.000' AS DateTime), N'BÌNH QUỚI 82/4/1', N'1633696484', CAST(N'2018-06-04T00:00:00.000' AS DateTime), CAST(N'15:30:00' AS Time), N'khó ngủ', 1, N'BVXTVN', N'Đã xác thực')
GO
INSERT [dbo].[PHIEUHEN] ([MAPHIEU], [HOTEN], [GIOITINH], [NAMSINH], [DIACHI], [SDT], [NGAYKHAM], [GIOKHAM], [MOTA], [MABS], [MAXACTHUC], [TRANGTHAI]) VALUES (4, N'KIẾN ĐÌNH KHÔI', N'NAM', CAST(N'1997-12-19T00:00:00.000' AS DateTime), N'BÌNH QUỚI 82/4/1', N'01633696484', CAST(N'2018-06-15T00:00:00.000' AS DateTime), CAST(N'15:30:00' AS Time), N'zxczxc', 1, N'9PWCY2', N'Đã xác thực')
GO
INSERT [dbo].[PHIEUHEN] ([MAPHIEU], [HOTEN], [GIOITINH], [NAMSINH], [DIACHI], [SDT], [NGAYKHAM], [GIOKHAM], [MOTA], [MABS], [MAXACTHUC], [TRANGTHAI]) VALUES (5, N'KIẾN ĐÌNH KHÔI', N'NAM', CAST(N'1997-12-19T00:00:00.000' AS DateTime), N'BÌNH QUỚI 82/4/1', N'01633696484', CAST(N'2018-06-16T00:00:00.000' AS DateTime), CAST(N'15:30:00' AS Time), N'zxc', 1, N'TBKDTA', N'Đã xác thực')
GO
INSERT [dbo].[PHIEUHEN] ([MAPHIEU], [HOTEN], [GIOITINH], [NAMSINH], [DIACHI], [SDT], [NGAYKHAM], [GIOKHAM], [MOTA], [MABS], [MAXACTHUC], [TRANGTHAI]) VALUES (6, N'KIẾN ĐÌNH KHÔI', N'NAM', CAST(N'1997-12-19T00:00:00.000' AS DateTime), N'BÌNH QUỚI 82/4/1', N'01633696484', CAST(N'2018-06-16T00:00:00.000' AS DateTime), CAST(N'15:30:00' AS Time), N'zxcxczxc', 1, N'N1HNV0', N'Đã xác thực')
GO
INSERT [dbo].[PHIEUHEN] ([MAPHIEU], [HOTEN], [GIOITINH], [NAMSINH], [DIACHI], [SDT], [NGAYKHAM], [GIOKHAM], [MOTA], [MABS], [MAXACTHUC], [TRANGTHAI]) VALUES (7, N'KIẾN ĐÌNH KHÔI', N'NAM', CAST(N'1997-12-19T00:00:00.000' AS DateTime), N'BÌNH QUỚI 82/4/1', N'01633696484', CAST(N'2018-06-16T00:00:00.000' AS DateTime), CAST(N'15:30:00' AS Time), N'zxcád', 1, N'2NO8G0', N'Đã xác thực')
GO
INSERT [dbo].[PHIEUHEN] ([MAPHIEU], [HOTEN], [GIOITINH], [NAMSINH], [DIACHI], [SDT], [NGAYKHAM], [GIOKHAM], [MOTA], [MABS], [MAXACTHUC], [TRANGTHAI]) VALUES (8, N'KIẾN ĐÌNH KHÔI', N'NAM', CAST(N'1997-12-19T00:00:00.000' AS DateTime), N'BÌNH QUỚI 82/4/1', N'01633696484', CAST(N'2018-06-16T00:00:00.000' AS DateTime), CAST(N'15:30:00' AS Time), N'zxc', 1, N'RGW655', N'Đã xác thực')
GO
INSERT [dbo].[PHIEUHEN] ([MAPHIEU], [HOTEN], [GIOITINH], [NAMSINH], [DIACHI], [SDT], [NGAYKHAM], [GIOKHAM], [MOTA], [MABS], [MAXACTHUC], [TRANGTHAI]) VALUES (9, N'KIẾN ĐÌNH KHÔI', N'NAM', CAST(N'1997-12-19T00:00:00.000' AS DateTime), N'BÌNH QUỚI 82/4/1', N'01633696484', CAST(N'2018-06-16T00:00:00.000' AS DateTime), CAST(N'15:30:00' AS Time), N'zxc', 1, N'Y9IHNW', N'Đã xác thực')
GO
INSERT [dbo].[PHIEUHEN] ([MAPHIEU], [HOTEN], [GIOITINH], [NAMSINH], [DIACHI], [SDT], [NGAYKHAM], [GIOKHAM], [MOTA], [MABS], [MAXACTHUC], [TRANGTHAI]) VALUES (10, N'KIẾN ĐÌNH KHÔI', N'NAM', CAST(N'1997-12-19T00:00:00.000' AS DateTime), N'BÌNH QUỚI 82/4/1', N'01633696484', CAST(N'2018-06-15T00:00:00.000' AS DateTime), CAST(N'15:30:00' AS Time), N'zxc', 1, N'40DZ3L', N'Đã xác thực')
GO
INSERT [dbo].[PHIEUHEN] ([MAPHIEU], [HOTEN], [GIOITINH], [NAMSINH], [DIACHI], [SDT], [NGAYKHAM], [GIOKHAM], [MOTA], [MABS], [MAXACTHUC], [TRANGTHAI]) VALUES (11, N'KIẾN ĐÌNH KHÔI', N'NAM', CAST(N'1997-12-19T00:00:00.000' AS DateTime), N'BÌNH QUỚI 82/4/1', N'01633696484', CAST(N'2018-06-15T00:00:00.000' AS DateTime), CAST(N'15:30:00' AS Time), N'qưeád', 1, N'37FZK7', N'Đã xác thực')
GO
INSERT [dbo].[PHIEUHEN] ([MAPHIEU], [HOTEN], [GIOITINH], [NAMSINH], [DIACHI], [SDT], [NGAYKHAM], [GIOKHAM], [MOTA], [MABS], [MAXACTHUC], [TRANGTHAI]) VALUES (12, N'KIẾN ĐÌNH KHÔI', N'NAM', CAST(N'1997-12-19T00:00:00.000' AS DateTime), N'BÌNH QUỚI 82/4/1', N'01633696484', CAST(N'2018-06-16T00:00:00.000' AS DateTime), CAST(N'15:30:00' AS Time), N'qưeqewq', 1, N'VBLPK4', N'Đã xác thực')
GO
INSERT [dbo].[PHIEUHEN] ([MAPHIEU], [HOTEN], [GIOITINH], [NAMSINH], [DIACHI], [SDT], [NGAYKHAM], [GIOKHAM], [MOTA], [MABS], [MAXACTHUC], [TRANGTHAI]) VALUES (13, N'KIẾN ĐÌNH KHÔI', N'NAM', CAST(N'1997-12-19T00:00:00.000' AS DateTime), N'BÌNH QUỚI 82/4/1', N'01633696484', CAST(N'2018-06-22T00:00:00.000' AS DateTime), CAST(N'15:30:00' AS Time), N'12', 1, N'MP2M4F', N'Chưa xác thực')
GO
SET IDENTITY_INSERT [dbo].[PHIEUHEN] OFF
GO
INSERT [dbo].[TAIKHOAN] ([ID], [PASSWORD], [HOTEN], [EMAIL]) VALUES (N'admin', N'admin', N'Kiến Đình Khôi', N'kdinhkhoi@gmail.com')
GO
ALTER TABLE [dbo].[BACSI]  WITH CHECK ADD  CONSTRAINT [FK_BACSI_KHOA] FOREIGN KEY([MAKHOA])
REFERENCES [dbo].[KHOA] ([MAKHOA])
GO
ALTER TABLE [dbo].[BACSI] CHECK CONSTRAINT [FK_BACSI_KHOA]
GO
ALTER TABLE [dbo].[GIOKHAM]  WITH CHECK ADD  CONSTRAINT [FK_GIOKHAM_BACSI] FOREIGN KEY([MABS])
REFERENCES [dbo].[BACSI] ([MABS])
GO
ALTER TABLE [dbo].[GIOKHAM] CHECK CONSTRAINT [FK_GIOKHAM_BACSI]
GO
ALTER TABLE [dbo].[KETQUA]  WITH CHECK ADD  CONSTRAINT [FK_KETQUA_PHIEUHEN] FOREIGN KEY([MAPHIEU])
REFERENCES [dbo].[PHIEUHEN] ([MAPHIEU])
GO
ALTER TABLE [dbo].[KETQUA] CHECK CONSTRAINT [FK_KETQUA_PHIEUHEN]
GO
ALTER TABLE [dbo].[PHIEUHEN]  WITH CHECK ADD  CONSTRAINT [FK_PHIEUHEN_BACSI] FOREIGN KEY([MABS])
REFERENCES [dbo].[BACSI] ([MABS])
GO
ALTER TABLE [dbo].[PHIEUHEN] CHECK CONSTRAINT [FK_PHIEUHEN_BACSI]
GO
USE [master]
GO
ALTER DATABASE [PhongKham] SET  READ_WRITE 
GO
